id,timestamp,path,profit_percent,min_volume_usdt,prices,directions,execution_time,spread_cost
1,2025-09-02T16:34:35.848660,"[""INJUSDT"", ""INJUSDC"", ""USDCUSDT""]",0.025003548409167707,0.2554,"[12.726, 12.77, 0.9998]","[""buy"", ""sell"", ""sell""]",0.0,0.40157237115793737
2,2025-09-02T16:34:37.416268,"[""INJUSDT"", ""INJUSDC"", ""USDCUSDT""]",0.017144272574460048,0.2554,"[12.727, 12.77, 0.9998]","[""buy"", ""sell"", ""sell""]",0.0,0.40943091732689174
3,2025-09-02T16:34:39.041328,"[""INJUSDT"", ""INJUSDC"", ""USDCUSDT""]",0.009286231698260962,0.2554,"[12.728, 12.77, 0.9998]","[""buy"", ""sell"", ""sell""]",0.0,0.409429682288976
4,2025-09-02T16:34:40.311952,"[""INJUSDT"", ""INJUSDC"", ""USDCUSDT""]",0.009286231698260962,0.2554,"[12.728, 12.77, 0.9998]","[""buy"", ""sell"", ""sell""]",0.0,0.409429682288976
5,2025-09-02T16:34:41.537332,"[""INJUSDT"", ""INJUSDC"", ""USDCUSDT""]",0.009286231698260962,0.2554,"[12.728, 12.77, 0.9998]","[""buy"", ""sell"", ""sell""]",0.0,0.409429682288976
6,2025-09-02T16:34:43.151375,"[""INJUSDT"", ""INJUSDC"", ""USDCUSDT""]",0.009286231698260962,0.2554,"[12.728, 12.77, 0.9998]","[""buy"", ""sell"", ""sell""]",0.0,0.4015711362170624
7,2025-09-02T16:34:44.366272,"[""INJUSDT"", ""INJUSDC"", ""USDCUSDT""]",0.017144272574460048,0.2554,"[12.727, 12.77, 0.9998]","[""buy"", ""sell"", ""sell""]",0.0,0.40943091732689174
8,2025-09-02T16:34:45.629224,"[""INJUSDT"", ""INJUSDC"", ""USDCUSDT""]",0.009286231698260962,0.2554,"[12.728, 12.77, 0.9998]","[""buy"", ""sell"", ""sell""]",0.0,0.409429682288976
9,2025-09-02T16:34:46.914770,"[""INJUSDT"", ""INJUSDC"", ""USDCUSDT""]",0.009286231698260962,0.2554,"[12.728, 12.77, 0.9998]","[""buy"", ""sell"", ""sell""]",0.0,0.409429682288976
10,2025-09-02T16:34:48.328064,"[""INJUSDT"", ""INJUSDC"", ""USDCUSDT""]",0.009286231698260962,0.2554,"[12.728, 12.77, 0.9998]","[""buy"", ""sell"", ""sell""]",0.0,0.409429682288976
11,2025-09-02T16:34:49.549089,"[""INJUSDT"", ""INJUSDC"", ""USDCUSDT""]",0.009286231698260962,0.2554,"[12.728, 12.77, 0.9998]","[""buy"", ""sell"", ""sell""]",0.0,0.409429682288976
12,2025-09-02T16:34:50.785281,"[""INJUSDT"", ""INJUSDC"", ""USDCUSDT""]",0.0014294254894775804,0.2554,"[12.729, 12.77, 0.9998]","[""buy"", ""sell"", ""sell""]",0.0,0.41728761093897954
13,2025-09-02T16:34:52.006706,"[""INJUSDT"", ""INJUSDC"", ""USDCUSDT""]",0.0014294254894775804,0.2554,"[12.729, 12.77, 0.9998]","[""buy"", ""sell"", ""sell""]",0.0,0.40157051889217016
14,2025-09-02T16:34:53.219744,"[""INJUSDT"", ""INJUSDC"", ""USDCUSDT""]",0.0014294254894775804,0.2554,"[12.729, 12.77, 0.9998]","[""buy"", ""sell"", ""sell""]",0.0,0.40157051889217016
15,2025-09-02T16:34:54.532327,"[""INJUSDT"", ""INJUSDC"", ""USDCUSDT""]",0.0014294254894775804,0.2554,"[12.729, 12.77, 0.9998]","[""buy"", ""sell"", ""sell""]",0.0,0.3859088117660882
16,2025-09-02T16:35:08.105848,"[""INJUSDT"", ""INJUSDC"", ""USDCUSDT""]",0.009286231698260962,0.2554,"[12.728, 12.77, 0.9998]","[""buy"", ""sell"", ""sell""]",0.0,0.38590942909098047
17,2025-09-02T16:35:09.321494,"[""INJUSDT"", ""INJUSDC"", ""USDCUSDT""]",0.009286231698260962,0.2554,"[12.728, 12.77, 0.9998]","[""buy"", ""sell"", ""sell""]",0.0,0.38590942909098047
18,2025-09-02T16:35:36.771704,"[""INJUSDT"", ""INJUSDC"", ""USDCUSDT""]",0.025003548409167707,0.2554,"[12.726, 12.77, 0.9998]","[""buy"", ""sell"", ""sell""]",0.0,0.3702489569057734
19,2025-09-02T16:35:38.597596,"[""INJUSDT"", ""INJUSDC"", ""USDCUSDT""]",0.009286231698260962,0.2554,"[12.728, 12.77, 0.9998]","[""buy"", ""sell"", ""sell""]",0.0,0.37024772196489847
20,2025-09-02T16:35:39.933511,"[""INJUSDT"", ""INJUSDC"", ""USDCUSDT""]",0.025003548409167707,0.2554,"[12.726, 12.77, 0.9998]","[""buy"", ""sell"", ""sell""]",0.0,0.3702489569057734
21,2025-09-02T16:35:41.681345,"[""INJUSDT"", ""INJUSDC"", ""USDCUSDT""]",0.025003548409167707,0.2554,"[12.726, 12.77, 0.9998]","[""buy"", ""sell"", ""sell""]",0.0,0.3702489569057734
22,2025-09-02T16:35:43.018134,"[""INJUSDT"", ""INJUSDC"", ""USDCUSDT""]",0.025003548409167707,0.2554,"[12.726, 12.77, 0.9998]","[""buy"", ""sell"", ""sell""]",0.0,0.3702489569057734
23,2025-09-02T16:35:44.187684,"[""INJUSDT"", ""INJUSDC"", ""USDCUSDT""]",0.025003548409167707,0.2554,"[12.726, 12.77, 0.9998]","[""buy"", ""sell"", ""sell""]",0.0,0.3702489569057734
24,2025-09-02T16:35:45.612918,"[""INJUSDT"", ""INJUSDC"", ""USDCUSDT""]",0.017144272574460048,0.2554,"[12.727, 12.77, 0.9998]","[""buy"", ""sell"", ""sell""]",0.0,0.3781075030747278
25,2025-09-02T16:35:47.035251,"[""INJUSDT"", ""INJUSDC"", ""USDCUSDT""]",0.025003548409167707,0.2554,"[12.726, 12.77, 0.9998]","[""buy"", ""sell"", ""sell""]",0.0,0.3702489569057734
26,2025-09-02T16:35:48.249050,"[""INJUSDT"", ""INJUSDC"", ""USDCUSDT""]",0.025003548409167707,0.2554,"[12.726, 12.77, 0.9998]","[""buy"", ""sell"", ""sell""]",0.0,0.3702489569057734
27,2025-09-02T16:35:49.603434,"[""INJUSDT"", ""INJUSDC"", ""USDCUSDT""]",0.017144272574460048,0.2554,"[12.727, 12.77, 0.9998]","[""buy"", ""sell"", ""sell""]",0.0,0.3781075030747278
28,2025-09-02T16:35:50.822841,"[""INJUSDT"", ""INJUSDC"", ""USDCUSDT""]",0.017144272574460048,0.2554,"[12.727, 12.77, 0.9998]","[""buy"", ""sell"", ""sell""]",0.0,0.3781075030747278
29,2025-09-02T16:35:52.102181,"[""INJUSDT"", ""INJUSDC"", ""USDCUSDT""]",0.017144272574460048,0.2554,"[12.727, 12.77, 0.9998]","[""buy"", ""sell"", ""sell""]",0.0,0.3781075030747278
30,2025-09-02T16:35:53.321693,"[""INJUSDT"", ""INJUSDC"", ""USDCUSDT""]",0.017144272574460048,0.2554,"[12.727, 12.77, 0.9998]","[""buy"", ""sell"", ""sell""]",0.0,0.3781075030747278
31,2025-09-02T16:35:54.511663,"[""INJUSDT"", ""INJUSDC"", ""USDCUSDT""]",0.025003548409167707,0.2554,"[12.726, 12.77, 0.9998]","[""buy"", ""sell"", ""sell""]",0.0,0.3545872497797054
32,2025-09-02T16:35:55.780040,"[""INJUSDT"", ""INJUSDC"", ""USDCUSDT""]",0.025003548409167707,0.2554,"[12.726, 12.77, 0.9998]","[""buy"", ""sell"", ""sell""]",0.0,0.3545872497797054
33,2025-09-02T16:35:57.114651,"[""INJUSDT"", ""INJUSDC"", ""USDCUSDT""]",0.017144272574460048,0.2554,"[12.727, 12.77, 0.9998]","[""buy"", ""sell"", ""sell""]",0.0,0.35458663226074055
34,2025-09-02T16:35:58.341830,"[""INJUSDT"", ""INJUSDC"", ""USDCUSDT""]",0.017144272574460048,0.2554,"[12.727, 12.77, 0.9998]","[""buy"", ""sell"", ""sell""]",0.0,0.35458663226074055
35,2025-09-02T16:36:00.214929,"[""INJUSDT"", ""INJUSDC"", ""USDCUSDT""]",0.017144272574460048,0.2554,"[12.727, 12.77, 0.9998]","[""buy"", ""sell"", ""sell""]",0.0,0.35458663226074055
36,2025-09-02T16:36:01.740739,"[""INJUSDT"", ""INJUSDC"", ""USDCUSDT""]",0.0014294254894775804,0.2554,"[12.729, 12.77, 0.9998]","[""buy"", ""sell"", ""sell""]",0.0,0.3624433260669238
37,2025-09-02T16:36:02.984159,"[""INJUSDT"", ""INJUSDC"", ""USDCUSDT""]",0.009286231698260962,0.2554,"[12.728, 12.77, 0.9998]","[""buy"", ""sell"", ""sell""]",0.0,0.36244456091074406
38,2025-09-02T16:36:04.248420,"[""INJUSDT"", ""INJUSDC"", ""USDCUSDT""]",0.017144272574460048,0.2554,"[12.727, 12.77, 0.9998]","[""buy"", ""sell"", ""sell""]",0.0,0.35458663226074055
39,2025-09-02T16:36:05.971699,"[""INJUSDT"", ""INJUSDC"", ""USDCUSDT""]",0.017144272574460048,0.2554,"[12.727, 12.77, 0.9998]","[""buy"", ""sell"", ""sell""]",0.0,0.35458663226074055
40,2025-09-02T16:36:07.256667,"[""INJUSDT"", ""INJUSDC"", ""USDCUSDT""]",0.025003548409167707,0.2554,"[12.726, 12.77, 0.9998]","[""buy"", ""sell"", ""sell""]",0.0,0.3545872497797054
41,2025-09-02T16:36:08.572174,"[""INJUSDT"", ""INJUSDC"", ""USDCUSDT""]",0.025003548409167707,0.2554,"[12.726, 12.77, 0.9998]","[""buy"", ""sell"", ""sell""]",0.0,0.3545872497797054
42,2025-09-02T16:36:09.787792,"[""INJUSDT"", ""INJUSDC"", ""USDCUSDT""]",0.025003548409167707,0.2554,"[12.726, 12.77, 0.9998]","[""buy"", ""sell"", ""sell""]",0.0,0.3545872497797054
43,2025-09-02T16:36:11.255327,"[""INJUSDT"", ""INJUSDC"", ""USDCUSDT""]",0.025003548409167707,0.2554,"[12.726, 12.77, 0.9998]","[""buy"", ""sell"", ""sell""]",0.0,0.3545872497797054
44,2025-09-02T16:39:40.824346,"[""INJUSDT"", ""INJUSDC"", ""USDCUSDT""]",0.025003548409167707,0.2554,"[12.726, 12.77, 0.9998]","[""buy"", ""sell"", ""sell""]",0.0,0.2919404212753914
45,2025-09-02T16:39:43.281666,"[""INJUSDT"", ""INJUSDC"", ""USDCUSDT""]",0.017144272574460048,0.2554,"[12.727, 12.77, 0.9998]","[""buy"", ""sell"", ""sell""]",0.0,0.29979896744434575
46,2025-09-02T16:39:44.476525,"[""INJUSDT"", ""INJUSDC"", ""USDCUSDT""]",0.017144272574460048,0.2554,"[12.727, 12.77, 0.9998]","[""buy"", ""sell"", ""sell""]",0.0,0.29979896744434575
47,2025-09-02T16:39:46.564190,"[""INJUSDT"", ""INJUSDC"", ""USDCUSDT""]",0.017144272574460048,0.2554,"[12.727, 12.77, 0.9998]","[""buy"", ""sell"", ""sell""]",0.0,0.29979896744434575
48,2025-09-02T16:39:48.121990,"[""INJUSDT"", ""INJUSDC"", ""USDCUSDT""]",0.017144272574460048,0.2554,"[12.727, 12.77, 0.9998]","[""buy"", ""sell"", ""sell""]",0.0,0.29979896744434575
49,2025-09-02T16:39:49.138239,"[""INJUSDT"", ""INJUSDC"", ""USDCUSDT""]",0.017144272574460048,0.2554,"[12.727, 12.77, 0.9998]","[""buy"", ""sell"", ""sell""]",0.0,0.29979896744434575
50,2025-09-02T16:39:50.373449,"[""INJUSDT"", ""INJUSDC"", ""USDCUSDT""]",0.017144272574460048,0.2554,"[12.727, 12.77, 0.9998]","[""buy"", ""sell"", ""sell""]",0.0,0.29979896744434575
51,2025-09-02T16:39:51.772247,"[""INJUSDT"", ""INJUSDC"", ""USDCUSDT""]",0.05645300715734266,0.2554,"[12.722, 12.77, 0.9998]","[""buy"", ""sell"", ""sell""]",0.0,0.29194289232204634
52,2025-09-02T16:39:53.331357,"[""INJUSDT"", ""INJUSDC"", ""USDCUSDT""]",0.04858878857623495,0.2554,"[12.723, 12.77, 0.9998]","[""buy"", ""sell"", ""sell""]",0.0,0.2919422744147175
53,2025-09-02T16:39:54.557159,"[""INJUSDT"", ""INJUSDC"", ""USDCUSDT""]",0.04072580611877129,0.2554,"[12.724, 12.77, 0.9998]","[""buy"", ""sell"", ""sell""]",0.0,0.299802673722998
54,2025-09-02T16:39:55.797549,"[""INJUSDT"", ""INJUSDC"", ""USDCUSDT""]",0.05645300715734266,0.2554,"[12.722, 12.77, 0.9998]","[""buy"", ""sell"", ""sell""]",0.0,0.29194289232204634
55,2025-09-02T16:39:57.057837,"[""INJUSDT"", ""INJUSDC"", ""USDCUSDT""]",0.04858878857623495,0.2554,"[12.723, 12.77, 0.9998]","[""buy"", ""sell"", ""sell""]",0.0,0.2919422744147175
56,2025-09-02T16:39:58.284420,"[""INJUSDT"", ""INJUSDC"", ""USDCUSDT""]",0.04858878857623495,0.2554,"[12.723, 12.77, 0.9998]","[""buy"", ""sell"", ""sell""]",0.0,0.2919422744147175
57,2025-09-02T16:39:59.493645,"[""INJUSDT"", ""INJUSDC"", ""USDCUSDT""]",0.04858878857623495,0.2554,"[12.723, 12.77, 0.9998]","[""buy"", ""sell"", ""sell""]",0.0,0.2919422744147175
58,2025-09-02T16:40:01.169495,"[""INJUSDT"", ""INJUSDC"", ""USDCUSDT""]",0.04858878857623495,0.2554,"[12.723, 12.77, 0.9998]","[""buy"", ""sell"", ""sell""]",0.0,0.2919422744147175
59,2025-09-02T16:40:02.398448,"[""INJUSDT"", ""INJUSDC"", ""USDCUSDT""]",0.04072580611877129,0.2554,"[12.724, 12.77, 0.9998]","[""buy"", ""sell"", ""sell""]",0.0,0.299802673722998
60,2025-09-02T16:40:03.653835,"[""INJUSDT"", ""INJUSDC"", ""USDCUSDT""]",0.04858878857623495,0.2554,"[12.723, 12.77, 0.9998]","[""buy"", ""sell"", ""sell""]",0.0,0.2919422744147175
61,2025-09-02T16:40:05.683920,"[""INJUSDT"", ""INJUSDC"", ""USDCUSDT""]",0.05645300715734266,0.2554,"[12.722, 12.77, 0.9998]","[""buy"", ""sell"", ""sell""]",0.0,0.27628118519597833
62,2025-09-02T16:40:07.047257,"[""INJUSDT"", ""INJUSDC"", ""USDCUSDT""]",0.04858878857623495,0.2554,"[12.723, 12.77, 0.9998]","[""buy"", ""sell"", ""sell""]",0.0,0.28414220241161564
63,2025-09-02T16:40:08.339356,"[""INJUSDT"", ""INJUSDC"", ""USDCUSDT""]",0.017144272574460048,0.2554,"[12.727, 12.77, 0.9998]","[""buy"", ""sell"", ""sell""]",0.0,0.2762780966303585
64,2025-09-02T16:40:09.841518,"[""INJUSDT"", ""INJUSDC"", ""USDCUSDT""]",0.0014294254894775804,0.2554,"[12.729, 12.77, 0.9998]","[""buy"", ""sell"", ""sell""]",0.0,0.2841347904365418
65,2025-09-02T16:40:11.081330,"[""INJUSDT"", ""INJUSDC"", ""USDCUSDT""]",0.009286231698260962,0.2554,"[12.728, 12.77, 0.9998]","[""buy"", ""sell"", ""sell""]",0.0,0.2762774792084484
66,2025-09-02T16:40:12.299003,"[""INJUSDT"", ""INJUSDC"", ""USDCUSDT""]",0.04072580611877129,0.2554,"[12.724, 12.77, 0.9998]","[""buy"", ""sell"", ""sell""]",0.0,0.276279949478425
67,2025-09-02T16:40:13.521854,"[""INJUSDT"", ""INJUSDC"", ""USDCUSDT""]",0.025003548409167707,0.2554,"[12.726, 12.77, 0.9998]","[""buy"", ""sell"", ""sell""]",0.0,0.2841384955503068
68,2025-09-02T16:48:20.978386,"[""INJUSDT"", ""INJUSDC"", ""USDCUSDT""]",0.009286231698260962,0.2554,"[12.728, 12.77, 0.9998]","[""buy"", ""sell"", ""sell""]",0.0,0.2762774792084484
69,2025-09-02T16:48:22.245904,"[""INJUSDT"", ""INJUSDC"", ""USDCUSDT""]",0.009286231698260962,0.2554,"[12.728, 12.77, 0.9998]","[""buy"", ""sell"", ""sell""]",0.0,0.2762774792084484
70,2025-09-02T16:48:23.569100,"[""INJUSDT"", ""INJUSDC"", ""USDCUSDT""]",0.009286231698260962,0.2554,"[12.728, 12.77, 0.9998]","[""buy"", ""sell"", ""sell""]",0.0,0.2762774792084484
71,2025-09-02T16:48:24.785782,"[""INJUSDT"", ""INJUSDC"", ""USDCUSDT""]",0.009286231698260962,0.2554,"[12.728, 12.77, 0.9998]","[""buy"", ""sell"", ""sell""]",0.0,0.2762774792084484
72,2025-09-02T16:48:26.337777,"[""INJUSDT"", ""INJUSDC"", ""USDCUSDT""]",0.009286231698260962,0.2554,"[12.728, 12.77, 0.9998]","[""buy"", ""sell"", ""sell""]",0.0,0.2762774792084484
73,2025-09-02T16:48:27.559701,"[""INJUSDT"", ""INJUSDC"", ""USDCUSDT""]",0.009286231698260962,0.2554,"[12.728, 12.77, 0.9998]","[""buy"", ""sell"", ""sell""]",0.0,0.2762774792084484
74,2025-09-02T16:48:29.034550,"[""INJUSDT"", ""INJUSDC"", ""USDCUSDT""]",0.009286231698260962,0.2554,"[12.728, 12.77, 0.9998]","[""buy"", ""sell"", ""sell""]",0.0,0.2762774792084484
75,2025-09-02T16:48:30.232741,"[""INJUSDT"", ""INJUSDC"", ""USDCUSDT""]",0.017144272574460048,0.2554,"[12.727, 12.77, 0.9998]","[""buy"", ""sell"", ""sell""]",0.0,0.2762780966303585
76,2025-09-02T16:48:31.797191,"[""INJUSDT"", ""INJUSDC"", ""USDCUSDT""]",0.017144272574460048,0.2554,"[12.727, 12.77, 0.9998]","[""buy"", ""sell"", ""sell""]",0.0,0.2762780966303585
77,2025-09-02T16:48:33.017076,"[""INJUSDT"", ""INJUSDC"", ""USDCUSDT""]",0.025003548409167707,0.2554,"[12.726, 12.77, 0.9998]","[""buy"", ""sell"", ""sell""]",0.0,0.27627871414932337
78,2025-09-02T16:48:34.275796,"[""INJUSDT"", ""INJUSDC"", ""USDCUSDT""]",0.025003548409167707,0.2554,"[12.726, 12.77, 0.9998]","[""buy"", ""sell"", ""sell""]",0.0,0.27627871414932337
79,2025-09-02T16:48:35.532511,"[""INJUSDT"", ""INJUSDC"", ""USDCUSDT""]",0.025003548409167707,0.2554,"[12.726, 12.77, 0.9998]","[""buy"", ""sell"", ""sell""]",0.0,0.26061700702324136
80,2025-09-02T16:48:36.755723,"[""INJUSDT"", ""INJUSDC"", ""USDCUSDT""]",0.025003548409167707,0.2554,"[12.726, 12.77, 0.9998]","[""buy"", ""sell"", ""sell""]",0.0,0.26061700702324136
81,2025-09-02T16:48:37.963524,"[""INJUSDT"", ""INJUSDC"", ""USDCUSDT""]",0.025003548409167707,0.2554,"[12.726, 12.77, 0.9998]","[""buy"", ""sell"", ""sell""]",0.0,0.26061700702324136
82,2025-09-02T16:48:39.188437,"[""INJUSDT"", ""INJUSDC"", ""USDCUSDT""]",0.025003548409167707,0.2554,"[12.726, 12.77, 0.9998]","[""buy"", ""sell"", ""sell""]",0.0,0.26061700702324136
83,2025-09-02T16:48:40.822237,"[""INJUSDT"", ""INJUSDC"", ""USDCUSDT""]",0.009286231698260962,0.2554,"[12.728, 12.77, 0.9998]","[""buy"", ""sell"", ""sell""]",0.0,0.2606157720823664
84,2025-09-02T16:48:50.309070,"[""INJUSDT"", ""INJUSDC"", ""USDCUSDT""]",0.017144272574460048,0.2554,"[12.727, 12.77, 0.9998]","[""buy"", ""sell"", ""sell""]",0.0,0.26847555319219574
85,2025-09-02T16:49:51.614953,"[""INJUSDT"", ""INJUSDC"", ""USDCUSDT""]",0.0014294254894775804,0.2554,"[12.729, 12.77, 0.9998]","[""buy"", ""sell"", ""sell""]",0.0,0.26847308331045977
86,2025-09-02T16:50:05.337443,"[""INJUSDT"", ""INJUSDC"", ""USDCUSDT""]",0.0014294254894775804,0.2554,"[12.729, 12.77, 0.9998]","[""buy"", ""sell"", ""sell""]",0.0,0.26847308331045977
87,2025-09-02T16:50:12.420609,"[""INJUSDT"", ""INJUSDC"", ""USDCUSDT""]",0.0014294254894775804,0.2554,"[12.729, 12.77, 0.9998]","[""buy"", ""sell"", ""sell""]",0.0,0.27633224680428353
88,2025-09-02T16:50:15.148476,"[""INJUSDT"", ""INJUSDC"", ""USDCUSDT""]",0.0014294254894775804,0.2554,"[12.729, 12.77, 0.9998]","[""buy"", ""sell"", ""sell""]",0.0,0.27633224680428353
89,2025-09-02T16:50:16.996555,"[""INJUSDT"", ""INJUSDC"", ""USDCUSDT""]",0.0014294254894775804,0.2554,"[12.729, 12.77, 0.9998]","[""buy"", ""sell"", ""sell""]",0.0,0.27633224680428353
90,2025-09-02T16:50:41.197553,"[""INJUSDT"", ""INJUSDC"", ""USDCUSDT""]",0.0014294254894775804,0.2554,"[12.729, 12.77, 0.9998]","[""buy"", ""sell"", ""sell""]",0.0,0.26061515475747415
91,2025-09-02T16:50:42.454437,"[""INJUSDT"", ""INJUSDC"", ""USDCUSDT""]",0.009286231698260962,0.2554,"[12.728, 12.77, 0.9998]","[""buy"", ""sell"", ""sell""]",0.0,0.2606157720823664
92,2025-09-02T16:50:43.630189,"[""INJUSDT"", ""INJUSDC"", ""USDCUSDT""]",0.0014294254894775804,0.2554,"[12.729, 12.77, 0.9998]","[""buy"", ""sell"", ""sell""]",0.0,0.26847308331045977
93,2025-09-02T16:50:52.460145,"[""INJUSDT"", ""INJUSDC"", ""USDCUSDT""]",0.009286231698260962,0.2554,"[12.728, 12.77, 0.9998]","[""buy"", ""sell"", ""sell""]",0.0,0.2606157720823664
94,2025-09-02T16:50:59.469169,"[""INJUSDT"", ""INJUSDC"", ""USDCUSDT""]",0.017144272574460048,0.2554,"[12.727, 12.77, 0.9998]","[""buy"", ""sell"", ""sell""]",0.0,0.2606163895042765
95,2025-09-02T16:51:06.272995,"[""INJUSDT"", ""INJUSDC"", ""USDCUSDT""]",0.009286231698260962,0.2554,"[12.728, 12.77, 0.9998]","[""buy"", ""sell"", ""sell""]",0.0,0.26847431815428
96,2025-09-02T16:51:13.674535,"[""INJUSDT"", ""INJUSDC"", ""USDCUSDT""]",0.05645300715734266,0.2554,"[12.722, 12.77, 0.9998]","[""buy"", ""sell"", ""sell""]",0.0005047321319580078,0.2528200241684339
97,2025-09-02T16:51:16.373132,"[""INJUSDT"", ""INJUSDC"", ""USDCUSDT""]",0.06431846215355108,0.2554,"[12.721, 12.77, 0.9998]","[""buy"", ""sell"", ""sell""]",0.0,0.25282126037180036
98,2025-09-02T16:51:18.093184,"[""INJUSDT"", ""INJUSDC"", ""USDCUSDT""]",0.08005308255802447,0.2554,"[12.719, 12.77, 0.9998]","[""buy"", ""sell"", ""sell""]",0.0,0.2528237333617437
99,2025-09-02T16:51:19.638363,"[""INJUSDT"", ""INJUSDC"", ""USDCUSDT""]",0.09579265212352767,0.2554,"[12.717, 12.77, 0.9998]","[""buy"", ""sell"", ""sell""]",0.0,0.24496086193832964
100,2025-09-02T16:51:20.961979,"[""INJUSDT"", ""INJUSDC"", ""USDCUSDT""]",0.09579265212352767,0.2554,"[12.717, 12.77, 0.9998]","[""buy"", ""sell"", ""sell""]",0.0,0.24496086193832964
101,2025-09-02T16:51:22.420254,"[""INJUSDT"", ""INJUSDC"", ""USDCUSDT""]",0.10366429357150991,0.2554,"[12.716, 12.77, 0.9998]","[""buy"", ""sell"", ""sell""]",0.0,0.2528274443054987
102,2025-09-02T16:51:23.696547,"[""INJUSDT"", ""INJUSDC"", ""USDCUSDT""]",0.10366429357150991,0.2554,"[12.716, 12.77, 0.9998]","[""buy"", ""sell"", ""sell""]",0.0,0.2528274443054987
103,2025-09-02T16:51:25.041237,"[""INJUSDT"", ""INJUSDC"", ""USDCUSDT""]",0.10366429357150991,0.2554,"[12.716, 12.77, 0.9998]","[""buy"", ""sell"", ""sell""]",0.0,0.2528274443054987
104,2025-09-02T16:51:26.271369,"[""INJUSDT"", ""INJUSDC"", ""USDCUSDT""]",0.10366429357150991,0.2554,"[12.716, 12.77, 0.9998]","[""buy"", ""sell"", ""sell""]",0.0,0.2528274443054987
105,2025-09-02T16:51:27.536061,"[""INJUSDT"", ""INJUSDC"", ""USDCUSDT""]",0.09579265212352767,0.2554,"[12.717, 12.77, 0.9998]","[""buy"", ""sell"", ""sell""]",0.0,0.2606927895941665
106,2025-09-02T16:51:28.756012,"[""INJUSDT"", ""INJUSDC"", ""USDCUSDT""]",0.09579265212352767,0.2554,"[12.717, 12.77, 0.9998]","[""buy"", ""sell"", ""sell""]",0.0,0.2606927895941665
107,2025-09-02T16:51:30.076446,"[""INJUSDT"", ""INJUSDC"", ""USDCUSDT""]",0.09579265212352767,0.2554,"[12.717, 12.77, 0.9998]","[""buy"", ""sell"", ""sell""]",0.0,0.2606927895941665
108,2025-09-02T16:51:31.317885,"[""INJUSDT"", ""INJUSDC"", ""USDCUSDT""]",0.09579265212352767,0.2554,"[12.717, 12.77, 0.9998]","[""buy"", ""sell"", ""sell""]",0.0,0.2606927895941665
109,2025-09-02T16:51:32.520175,"[""INJUSDT"", ""INJUSDC"", ""USDCUSDT""]",0.08792224854971209,0.2554,"[12.718, 12.77, 0.9998]","[""buy"", ""sell"", ""sell""]",0.0,0.24496024354496737
110,2025-09-02T16:51:33.725222,"[""INJUSDT"", ""INJUSDC"", ""USDCUSDT""]",0.08792224854971209,0.2554,"[12.718, 12.77, 0.9998]","[""buy"", ""sell"", ""sell""]",0.0,0.24496024354496737
111,2025-09-02T16:51:35.140314,"[""INJUSDT"", ""INJUSDC"", ""USDCUSDT""]",0.08005308255802447,0.2554,"[12.719, 12.77, 0.9998]","[""buy"", ""sell"", ""sell""]",0.0,0.24495962524886605
112,2025-09-02T16:51:36.910690,"[""INJUSDT"", ""INJUSDC"", ""USDCUSDT""]",0.08005308255802447,0.2554,"[12.719, 12.77, 0.9998]","[""buy"", ""sell"", ""sell""]",0.0,0.2528237333617437
113,2025-09-02T16:51:38.200595,"[""INJUSDT"", ""INJUSDC"", ""USDCUSDT""]",0.08005308255802447,0.2554,"[12.719, 12.77, 0.9998]","[""buy"", ""sell"", ""sell""]",0.0,0.23716202623567562
114,2025-09-02T16:51:39.424073,"[""INJUSDT"", ""INJUSDC"", ""USDCUSDT""]",0.08005308255802447,0.2554,"[12.719, 12.77, 0.9998]","[""buy"", ""sell"", ""sell""]",0.0,0.24502737123251078
115,2025-09-02T16:51:40.875567,"[""INJUSDT"", ""INJUSDC"", ""USDCUSDT""]",0.08005308255802447,0.2554,"[12.719, 12.77, 0.9998]","[""buy"", ""sell"", ""sell""]",0.0,0.23716202623567562
116,2025-09-02T16:51:42.095190,"[""INJUSDT"", ""INJUSDC"", ""USDCUSDT""]",0.08005308255802447,0.2554,"[12.719, 12.77, 0.9998]","[""buy"", ""sell"", ""sell""]",0.0,0.24502737123251078
117,2025-09-02T16:51:43.661226,"[""INJUSDT"", ""INJUSDC"", ""USDCUSDT""]",0.08792224854971209,0.2554,"[12.718, 12.77, 0.9998]","[""buy"", ""sell"", ""sell""]",0.0,0.23716326302238616
118,2025-09-02T16:51:44.917282,"[""INJUSDT"", ""INJUSDC"", ""USDCUSDT""]",0.08005308255802447,0.2554,"[12.719, 12.77, 0.9998]","[""buy"", ""sell"", ""sell""]",0.0,0.23716202623567562
119,2025-09-02T16:51:53.374621,"[""INJUSDT"", ""INJUSDC"", ""USDCUSDT""]",0.10366429357150991,0.2554,"[12.716, 12.77, 0.9998]","[""buy"", ""sell"", ""sell""]",0.0,0.22929977330286574
120,2025-09-02T16:52:00.426435,"[""INJUSDT"", ""INJUSDC"", ""USDCUSDT""]",0.10366429357150991,0.2554,"[12.716, 12.77, 0.9998]","[""buy"", ""sell"", ""sell""]",0.0,0.23716573717943057
121,2025-09-02T16:52:07.474284,"[""INJUSDT"", ""INJUSDC"", ""USDCUSDT""]",0.09579265212352767,0.2554,"[12.717, 12.77, 0.9998]","[""buy"", ""sell"", ""sell""]",0.0,0.21363744768617957
122,2025-09-02T16:52:14.619640,"[""INJUSDT"", ""INJUSDC"", ""USDCUSDT""]",0.08005308255802447,0.2554,"[12.719, 12.77, 0.9998]","[""buy"", ""sell"", ""sell""]",0.0,0.22936566410642878
123,2025-09-02T16:52:17.521511,"[""INJUSDT"", ""INJUSDC"", ""USDCUSDT""]",0.06431846215355108,0.2554,"[12.721, 12.77, 0.9998]","[""buy"", ""sell"", ""sell""]",0.0,0.2214978461196503
124,2025-09-02T16:52:19.283264,"[""INJUSDT"", ""INJUSDC"", ""USDCUSDT""]",0.04858878857623495,0.2554,"[12.723, 12.77, 0.9998]","[""buy"", ""sell"", ""sell""]",0.0,0.22935824513641923
125,2025-09-02T16:52:20.955565,"[""INJUSDT"", ""INJUSDC"", ""USDCUSDT""]",0.07218515385655337,0.2554,"[12.72, 12.77, 0.9998]","[""buy"", ""sell"", ""sell""]",0.0,0.21363559279785263
126,2025-09-02T16:52:22.367089,"[""INJUSDT"", ""INJUSDC"", ""USDCUSDT""]",0.04858878857623495,0.2554,"[12.723, 12.77, 0.9998]","[""buy"", ""sell"", ""sell""]",0.0,0.22149537390730165
127,2025-09-02T16:52:23.697868,"[""INJUSDT"", ""INJUSDC"", ""USDCUSDT""]",0.04858878857623495,0.2554,"[12.723, 12.77, 0.9998]","[""buy"", ""sell"", ""sell""]",0.0,0.22149537390730165
128,2025-09-02T16:52:25.163862,"[""INJUSDT"", ""INJUSDC"", ""USDCUSDT""]",0.05645300715734266,0.2554,"[12.722, 12.77, 0.9998]","[""buy"", ""sell"", ""sell""]",0.0,0.22149660991628384
129,2025-09-02T16:52:26.444255,"[""INJUSDT"", ""INJUSDC"", ""USDCUSDT""]",0.05645300715734266,0.2554,"[12.722, 12.77, 0.9998]","[""buy"", ""sell"", ""sell""]",0.0,0.22149660991628384
130,2025-09-02T16:52:27.667124,"[""INJUSDT"", ""INJUSDC"", ""USDCUSDT""]",0.06431846215355108,0.2554,"[12.721, 12.77, 0.9998]","[""buy"", ""sell"", ""sell""]",0.0,0.2136349746961624
131,2025-09-02T16:52:28.881392,"[""INJUSDT"", ""INJUSDC"", ""USDCUSDT""]",0.06431846215355108,0.2554,"[12.721, 12.77, 0.9998]","[""buy"", ""sell"", ""sell""]",0.0,0.2136349746961624
132,2025-09-02T16:52:30.111722,"[""INJUSDT"", ""INJUSDC"", ""USDCUSDT""]",0.08792224854971209,0.2554,"[12.718, 12.77, 0.9998]","[""buy"", ""sell"", ""sell""]",0.0,0.2136368292928173
133,2025-09-02T16:52:31.630390,"[""INJUSDT"", ""INJUSDC"", ""USDCUSDT""]",0.10366429357150991,0.2554,"[12.716, 12.77, 0.9998]","[""buy"", ""sell"", ""sell""]",0.0,0.21363806617678377
134,2025-09-02T16:52:32.864971,"[""INJUSDT"", ""INJUSDC"", ""USDCUSDT""]",0.09579265212352767,0.2554,"[12.717, 12.77, 0.9998]","[""buy"", ""sell"", ""sell""]",0.0,0.19797574056009762
135,2025-09-02T16:52:34.150144,"[""INJUSDT"", ""INJUSDC"", ""USDCUSDT""]",0.11941129125809312,0.2554,"[12.714, 12.77, 0.9998]","[""buy"", ""sell"", ""sell""]",0.0,0.19797759632385364
136,2025-09-02T16:52:35.540732,"[""INJUSDT"", ""INJUSDC"", ""USDCUSDT""]",0.11153717318564305,0.2554,"[12.715, 12.77, 0.9998]","[""buy"", ""sell"", ""sell""]",0.0,0.2058435602977343
137,2025-09-02T16:52:36.964476,"[""INJUSDT"", ""INJUSDC"", ""USDCUSDT""]",0.11153717318564305,0.2554,"[12.715, 12.77, 0.9998]","[""buy"", ""sell"", ""sell""]",0.0,0.2058435602977343
138,2025-09-02T16:52:38.193960,"[""INJUSDT"", ""INJUSDC"", ""USDCUSDT""]",0.09579265212352767,0.2554,"[12.717, 12.77, 0.9998]","[""buy"", ""sell"", ""sell""]",0.0,0.22157548824550954
139,2025-09-02T16:52:39.408300,"[""INJUSDT"", ""INJUSDC"", ""USDCUSDT""]",0.08792224854971209,0.2554,"[12.718, 12.77, 0.9998]","[""buy"", ""sell"", ""sell""]",0.0,0.19797512216673535
140,2025-09-02T16:52:40.653310,"[""INJUSDT"", ""INJUSDC"", ""USDCUSDT""]",0.05645300715734266,0.2554,"[12.722, 12.77, 0.9998]","[""buy"", ""sell"", ""sell""]",0.0,0.1979726495655824
141,2025-09-02T16:52:42.141187,"[""INJUSDT"", ""INJUSDC"", ""USDCUSDT""]",0.03286405949353138,0.2554,"[12.725, 12.77, 0.9998]","[""buy"", ""sell"", ""sell""]",0.0,0.19797079613492796
142,2025-09-02T16:52:43.457071,"[""INJUSDT"", ""INJUSDC"", ""USDCUSDT""]",0.025003548409167707,0.2554,"[12.726, 12.77, 0.9998]","[""buy"", ""sell"", ""sell""]",0.0,0.1979701785189274
143,2025-09-02T16:52:44.704196,"[""INJUSDT"", ""INJUSDC"", ""USDCUSDT""]",0.04858878857623495,0.2554,"[12.723, 12.77, 0.9998]","[""buy"", ""sell"", ""sell""]",0.0,0.1979720316582535
144,2025-09-02T16:52:46.145381,"[""INJUSDT"", ""INJUSDC"", ""USDCUSDT""]",0.07218515385655337,0.2554,"[12.72, 12.77, 0.9998]","[""buy"", ""sell"", ""sell""]",0.0,0.19797388567177068
145,2025-09-02T16:52:54.331555,"[""INJUSDT"", ""INJUSDC"", ""USDCUSDT""]",0.08005308255802447,0.2554,"[12.719, 12.77, 0.9998]","[""buy"", ""sell"", ""sell""]",0.0,0.2058386119835117
146,2025-09-02T16:53:01.362450,"[""INJUSDT"", ""INJUSDC"", ""USDCUSDT""]",0.06431846215355108,0.2554,"[12.721, 12.77, 0.9998]","[""buy"", ""sell"", ""sell""]",0.0,0.19797326757008046
147,2025-09-02T16:53:08.408589,"[""INJUSDT"", ""INJUSDC"", ""USDCUSDT""]",0.05645300715734266,0.2554,"[12.722, 12.77, 0.9998]","[""buy"", ""sell"", ""sell""]",0.0,0.2058349027902019
148,2025-09-02T16:53:15.799846,"[""INJUSDT"", ""INJUSDC"", ""USDCUSDT""]",0.06431846215355108,0.2554,"[12.721, 12.77, 0.9998]","[""buy"", ""sell"", ""sell""]",0.0,0.19797326757008046
149,2025-09-02T16:53:18.456023,"[""INJUSDT"", ""INJUSDC"", ""USDCUSDT""]",0.05645300715734266,0.2554,"[12.722, 12.77, 0.9998]","[""buy"", ""sell"", ""sell""]",0.0,0.1979726495655824
150,2025-09-02T16:53:20.208761,"[""INJUSDT"", ""INJUSDC"", ""USDCUSDT""]",0.05645300715734266,0.2554,"[12.722, 12.77, 0.9998]","[""buy"", ""sell"", ""sell""]",0.0,0.1979726495655824
151,2025-09-02T16:53:22.188877,"[""INJUSDT"", ""INJUSDC"", ""USDCUSDT""]",0.04858878857623495,0.2554,"[12.723, 12.77, 0.9998]","[""buy"", ""sell"", ""sell""]",0.0,0.1979720316582535
152,2025-09-02T16:53:23.679121,"[""INJUSDT"", ""INJUSDC"", ""USDCUSDT""]",0.04858878857623495,0.2554,"[12.723, 12.77, 0.9998]","[""buy"", ""sell"", ""sell""]",0.0,0.1979720316582535
153,2025-09-02T16:53:24.943334,"[""INJUSDT"", ""INJUSDC"", ""USDCUSDT""]",0.04858878857623495,0.2554,"[12.723, 12.77, 0.9998]","[""buy"", ""sell"", ""sell""]",0.0,0.1979720316582535
154,2025-09-02T16:53:26.389694,"[""INJUSDT"", ""INJUSDC"", ""USDCUSDT""]",0.04858878857623495,0.2554,"[12.723, 12.77, 0.9998]","[""buy"", ""sell"", ""sell""]",0.0,0.1979720316582535
155,2025-09-02T16:53:27.721041,"[""INJUSDT"", ""INJUSDC"", ""USDCUSDT""]",0.04858878857623495,0.2554,"[12.723, 12.77, 0.9998]","[""buy"", ""sell"", ""sell""]",0.0,0.1979720316582535
156,2025-09-02T16:53:28.972886,"[""INJUSDT"", ""INJUSDC"", ""USDCUSDT""]",0.04858878857623495,0.2554,"[12.723, 12.77, 0.9998]","[""buy"", ""sell"", ""sell""]",0.0,0.2058336667812197
157,2025-09-02T16:53:30.285176,"[""INJUSDT"", ""INJUSDC"", ""USDCUSDT""]",0.04858878857623495,0.2554,"[12.723, 12.77, 0.9998]","[""buy"", ""sell"", ""sell""]",0.0,0.1979720316582535
158,2025-09-02T16:53:31.545239,"[""INJUSDT"", ""INJUSDC"", ""USDCUSDT""]",0.06431846215355108,0.2554,"[12.721, 12.77, 0.9998]","[""buy"", ""sell"", ""sell""]",0.0,0.213700246911998
159,2025-09-02T16:53:33.045681,"[""INJUSDT"", ""INJUSDC"", ""USDCUSDT""]",0.08792224854971209,0.2554,"[12.718, 12.77, 0.9998]","[""buy"", ""sell"", ""sell""]",0.0,0.20583984877022224
160,2025-09-02T16:53:34.276810,"[""INJUSDT"", ""INJUSDC"", ""USDCUSDT""]",0.09579265212352767,0.2554,"[12.717, 12.77, 0.9998]","[""buy"", ""sell"", ""sell""]",0.0,0.19797574056009762
161,2025-09-02T16:53:35.536589,"[""INJUSDT"", ""INJUSDC"", ""USDCUSDT""]",0.09579265212352767,0.2554,"[12.717, 12.77, 0.9998]","[""buy"", ""sell"", ""sell""]",0.0,0.19797574056009762
162,2025-09-02T16:53:36.789535,"[""INJUSDT"", ""INJUSDC"", ""USDCUSDT""]",0.09579265212352767,0.2554,"[12.717, 12.77, 0.9998]","[""buy"", ""sell"", ""sell""]",0.0,0.19797574056009762
163,2025-09-02T16:53:38.151015,"[""INJUSDT"", ""INJUSDC"", ""USDCUSDT""]",0.12728664808113535,0.2554,"[12.713, 12.77, 0.9998]","[""buy"", ""sell"", ""sell""]",0.0,0.1979782151064053
164,2025-09-02T16:53:39.436914,"[""INJUSDT"", ""INJUSDC"", ""USDCUSDT""]",0.12728664808113535,0.2554,"[12.713, 12.77, 0.9998]","[""buy"", ""sell"", ""sell""]",0.0,0.18231650798033722
165,2025-09-02T16:53:40.696068,"[""INJUSDT"", ""INJUSDC"", ""USDCUSDT""]",0.12728664808113535,0.2554,"[12.713, 12.77, 0.9998]","[""buy"", ""sell"", ""sell""]",0.0,0.18231650798033722
166,2025-09-02T16:53:42.135172,"[""INJUSDT"", ""INJUSDC"", ""USDCUSDT""]",0.15092015397760405,0.2554,"[12.71, 12.77, 0.9998]","[""buy"", ""sell"", ""sell""]",0.0,0.1901880429450168
167,2025-09-02T16:53:43.382907,"[""INJUSDT"", ""INJUSDC"", ""USDCUSDT""]",0.15092015397760405,0.2554,"[12.71, 12.77, 0.9998]","[""buy"", ""sell"", ""sell""]",0.0,0.1901880429450168
168,2025-09-02T16:53:44.670638,"[""INJUSDT"", ""INJUSDC"", ""USDCUSDT""]",0.15092015397760405,0.2554,"[12.71, 12.77, 0.9998]","[""buy"", ""sell"", ""sell""]",0.0,0.1901880429450168
169,2025-09-02T16:53:45.936597,"[""INJUSDT"", ""INJUSDC"", ""USDCUSDT""]",0.15880046872731327,0.2554,"[12.709, 12.77, 0.9998]","[""buy"", ""sell"", ""sell""]",0.0,0.1901892814842112
170,2025-09-02T16:53:47.506836,"[""INJUSDT"", ""INJUSDC"", ""USDCUSDT""]",0.1745648191591681,0.2554,"[12.707, 12.77, 0.9998]","[""buy"", ""sell"", ""sell""]",0.0,0.18232022272114598
171,2025-09-02T16:53:55.303917,"[""INJUSDT"", ""INJUSDC"", ""USDCUSDT""]",0.15092015397760405,0.2554,"[12.71, 12.77, 0.9998]","[""buy"", ""sell"", ""sell""]",0.0,0.1901880429450168
172,2025-09-02T16:54:02.587147,"[""INJUSDT"", ""INJUSDC"", ""USDCUSDT""]",0.16668202369022764,0.2554,"[12.708, 12.77, 0.9998]","[""buy"", ""sell"", ""sell""]",0.0,0.190190520218387
173,2025-09-02T16:54:09.316225,"[""INJUSDT"", ""INJUSDC"", ""USDCUSDT""]",0.18244885542701014,0.2554,"[12.706, 12.77, 0.9998]","[""buy"", ""sell"", ""sell""]",0.0,0.16665913505963068
174,2025-09-02T16:54:16.739330,"[""INJUSDT"", ""INJUSDC"", ""USDCUSDT""]",0.1745648191591681,0.2554,"[12.707, 12.77, 0.9998]","[""buy"", ""sell"", ""sell""]",0.0,0.17453005202146635
175,2025-09-02T16:54:24.284416,"[""INJUSDT"", ""INJUSDC"", ""USDCUSDT""]",0.1745648191591681,0.2554,"[12.707, 12.77, 0.9998]","[""buy"", ""sell"", ""sell""]",0.0,0.17453005202146635
176,2025-09-02T16:54:25.631257,"[""INJUSDT"", ""INJUSDC"", ""USDCUSDT""]",0.18244885542701014,0.2554,"[12.706, 12.77, 0.9998]","[""buy"", ""sell"", ""sell""]",0.0,0.16665913505963068
177,2025-09-02T16:54:26.876524,"[""INJUSDT"", ""INJUSDC"", ""USDCUSDT""]",0.18244885542701014,0.2554,"[12.706, 12.77, 0.9998]","[""buy"", ""sell"", ""sell""]",0.0,0.16665913505963068
178,2025-09-02T16:54:28.116082,"[""INJUSDT"", ""INJUSDC"", ""USDCUSDT""]",0.20610841195430113,0.2554,"[12.703, 12.77, 0.9998]","[""buy"", ""sell"", ""sell""]",0.0,0.16666099403860135
179,2025-09-02T16:54:29.373592,"[""INJUSDT"", ""INJUSDC"", ""USDCUSDT""]",0.20610841195430113,0.2554,"[12.703, 12.77, 0.9998]","[""buy"", ""sell"", ""sell""]",0.0,0.16666099403860135
180,2025-09-02T16:54:30.728981,"[""INJUSDT"", ""INJUSDC"", ""USDCUSDT""]",0.20610841195430113,0.2554,"[12.703, 12.77, 0.9998]","[""buy"", ""sell"", ""sell""]",0.0,0.16666099403860135
181,2025-09-02T16:54:32.092884,"[""INJUSDT"", ""INJUSDC"", ""USDCUSDT""]",0.1982206515314283,0.2554,"[12.704, 12.77, 0.9998]","[""buy"", ""sell"", ""sell""]",0.0,0.1745337699794077
182,2025-09-02T16:54:33.310472,"[""INJUSDT"", ""INJUSDC"", ""USDCUSDT""]",0.1982206515314283,0.2554,"[12.704, 12.77, 0.9998]","[""buy"", ""sell"", ""sell""]",0.0,0.15887206285333963
183,2025-09-02T16:54:34.528941,"[""INJUSDT"", ""INJUSDC"", ""USDCUSDT""]",0.1982206515314283,0.2554,"[12.704, 12.77, 0.9998]","[""buy"", ""sell"", ""sell""]",0.0,0.15887206285333963
184,2025-09-02T16:54:35.723438,"[""INJUSDT"", ""INJUSDC"", ""USDCUSDT""]",0.1982206515314283,0.2554,"[12.704, 12.77, 0.9998]","[""buy"", ""sell"", ""sell""]",0.0,0.15099866715532922
185,2025-09-02T16:54:36.946228,"[""INJUSDT"", ""INJUSDC"", ""USDCUSDT""]",0.1982206515314283,0.2554,"[12.704, 12.77, 0.9998]","[""buy"", ""sell"", ""sell""]",0.0,0.15099866715532922
186,2025-09-02T16:54:38.175371,"[""INJUSDT"", ""INJUSDC"", ""USDCUSDT""]",0.1745648191591681,0.2554,"[12.707, 12.77, 0.9998]","[""buy"", ""sell"", ""sell""]",0.0,0.15099680846899594
187,2025-09-02T16:54:39.407614,"[""INJUSDT"", ""INJUSDC"", ""USDCUSDT""]",0.16668202369022764,0.2554,"[12.708, 12.77, 0.9998]","[""buy"", ""sell"", ""sell""]",0.0,0.15886710596623696
188,2025-09-02T16:54:40.731707,"[""INJUSDT"", ""INJUSDC"", ""USDCUSDT""]",0.16668202369022764,0.2554,"[12.708, 12.77, 0.9998]","[""buy"", ""sell"", ""sell""]",0.0,0.15886710596623696
189,2025-09-02T16:54:41.936841,"[""INJUSDT"", ""INJUSDC"", ""USDCUSDT""]",0.15880046872731327,0.2554,"[12.709, 12.77, 0.9998]","[""buy"", ""sell"", ""sell""]",0.0,0.15099556983229684
190,2025-09-02T16:54:43.144565,"[""INJUSDT"", ""INJUSDC"", ""USDCUSDT""]",0.15880046872731327,0.2554,"[12.709, 12.77, 0.9998]","[""buy"", ""sell"", ""sell""]",0.0,0.15099556983229684
191,2025-09-02T16:54:44.336688,"[""INJUSDT"", ""INJUSDC"", ""USDCUSDT""]",0.15880046872731327,0.2554,"[12.709, 12.77, 0.9998]","[""buy"", ""sell"", ""sell""]",0.0,0.15886586723206114
192,2025-09-02T16:54:45.564335,"[""INJUSDT"", ""INJUSDC"", ""USDCUSDT""]",0.15880046872731327,0.2554,"[12.709, 12.77, 0.9998]","[""buy"", ""sell"", ""sell""]",0.0,0.15886586723206114
193,2025-09-02T16:54:46.838498,"[""INJUSDT"", ""INJUSDC"", ""USDCUSDT""]",0.15880046872731327,0.2554,"[12.709, 12.77, 0.9998]","[""buy"", ""sell"", ""sell""]",0.0,0.15886586723206114
194,2025-09-02T16:54:48.233180,"[""INJUSDT"", ""INJUSDC"", ""USDCUSDT""]",0.15880046872731327,0.2554,"[12.709, 12.77, 0.9998]","[""buy"", ""sell"", ""sell""]",0.0,0.15886586723206114
195,2025-09-02T16:54:49.473237,"[""INJUSDT"", ""INJUSDC"", ""USDCUSDT""]",0.15880046872731327,0.2554,"[12.709, 12.77, 0.9998]","[""buy"", ""sell"", ""sell""]",0.0,0.15099556983229684
196,2025-09-02T16:54:50.826669,"[""INJUSDT"", ""INJUSDC"", ""USDCUSDT""]",0.15880046872731327,0.2554,"[12.709, 12.77, 0.9998]","[""buy"", ""sell"", ""sell""]",0.0,0.15099556983229684
197,2025-09-02T16:54:56.185694,"[""INJUSDT"", ""INJUSDC"", ""USDCUSDT""]",0.15092015397760405,0.2554,"[12.71, 12.77, 0.9998]","[""buy"", ""sell"", ""sell""]",0.0,0.15886462869286672
198,2025-09-02T16:55:03.569472,"[""INJUSDT"", ""INJUSDC"", ""USDCUSDT""]",0.13516324394708137,0.2554,"[12.712, 12.77, 0.9998]","[""buy"", ""sell"", ""sell""]",0.0,0.14320044507303023
199,2025-09-02T16:55:10.216304,"[""INJUSDT"", ""INJUSDC"", ""USDCUSDT""]",0.10366429357150991,0.2554,"[12.716, 12.77, 0.9998]","[""buy"", ""sell"", ""sell""]",0.0,0.14319549442296658
200,2025-09-02T16:55:18.003518,"[""INJUSDT"", ""INJUSDC"", ""USDCUSDT""]",0.04858878857623495,0.2554,"[12.723, 12.77, 0.9998]","[""buy"", ""sell"", ""sell""]",0.0,0.1353252031539534
201,2025-09-02T16:55:25.546859,"[""INJUSDT"", ""INJUSDC"", ""USDCUSDT""]",0.03286405949353138,0.2554,"[12.725, 12.77, 0.9998]","[""buy"", ""sell"", ""sell""]",0.0,0.13532396763062787
202,2025-09-02T16:55:31.697600,"[""INJUSDT"", ""INJUSDC"", ""USDCUSDT""]",0.04072580611877129,0.2554,"[12.724, 12.77, 0.9998]","[""buy"", ""sell"", ""sell""]",0.0,0.1431856024622339
203,2025-09-02T16:55:33.050885,"[""INJUSDT"", ""INJUSDC"", ""USDCUSDT""]",0.06431846215355108,0.2554,"[12.721, 12.77, 0.9998]","[""buy"", ""sell"", ""sell""]",0.0,0.13532643906578037
204,2025-09-02T16:55:34.278340,"[""INJUSDT"", ""INJUSDC"", ""USDCUSDT""]",0.06431846215355108,0.2554,"[12.721, 12.77, 0.9998]","[""buy"", ""sell"", ""sell""]",0.0,0.13532643906578037
205,2025-09-02T16:55:35.501011,"[""INJUSDT"", ""INJUSDC"", ""USDCUSDT""]",0.06431846215355108,0.2554,"[12.721, 12.77, 0.9998]","[""buy"", ""sell"", ""sell""]",0.0,0.13532643906578037
206,2025-09-02T16:55:36.990035,"[""INJUSDT"", ""INJUSDC"", ""USDCUSDT""]",0.08005308255802447,0.2554,"[12.719, 12.77, 0.9998]","[""buy"", ""sell"", ""sell""]",0.0,0.13532767536633394
207,2025-09-02T16:55:38.386261,"[""INJUSDT"", ""INJUSDC"", ""USDCUSDT""]",0.08005308255802447,0.2554,"[12.719, 12.77, 0.9998]","[""buy"", ""sell"", ""sell""]",0.0,0.13532767536633394
208,2025-09-02T16:55:39.697286,"[""INJUSDT"", ""INJUSDC"", ""USDCUSDT""]",0.07218515385655337,0.2554,"[12.72, 12.77, 0.9998]","[""buy"", ""sell"", ""sell""]",0.0,0.1431905468870229
209,2025-09-02T16:55:41.136152,"[""INJUSDT"", ""INJUSDC"", ""USDCUSDT""]",0.07218515385655337,0.2554,"[12.72, 12.77, 0.9998]","[""buy"", ""sell"", ""sell""]",0.0,0.1431905468870229
210,2025-09-02T16:55:42.577757,"[""INJUSDT"", ""INJUSDC"", ""USDCUSDT""]",0.05645300715734266,0.2554,"[12.722, 12.77, 0.9998]","[""buy"", ""sell"", ""sell""]",0.0,0.1431880742859018
211,2025-09-02T16:55:44.936016,"[""INJUSDT"", ""INJUSDC"", ""USDCUSDT""]",0.07218515385655337,0.2554,"[12.72, 12.77, 0.9998]","[""buy"", ""sell"", ""sell""]",0.0,0.1353270571674706
212,2025-09-02T16:55:46.755036,"[""INJUSDT"", ""INJUSDC"", ""USDCUSDT""]",0.06431846215355108,0.2554,"[12.721, 12.77, 0.9998]","[""buy"", ""sell"", ""sell""]",0.0,0.14318931048926825
213,2025-09-02T16:55:48.138013,"[""INJUSDT"", ""INJUSDC"", ""USDCUSDT""]",0.07218515385655337,0.2554,"[12.72, 12.77, 0.9998]","[""buy"", ""sell"", ""sell""]",0.0,0.1353270571674706
214,2025-09-02T16:55:49.481973,"[""INJUSDT"", ""INJUSDC"", ""USDCUSDT""]",0.07218515385655337,0.2554,"[12.72, 12.77, 0.9998]","[""buy"", ""sell"", ""sell""]",0.0,0.1353270571674706
215,2025-09-02T16:55:50.718353,"[""INJUSDT"", ""INJUSDC"", ""USDCUSDT""]",0.05645300715734266,0.2554,"[12.722, 12.77, 0.9998]","[""buy"", ""sell"", ""sell""]",0.0,0.1353258210612823
216,2025-09-02T16:55:51.966565,"[""INJUSDT"", ""INJUSDC"", ""USDCUSDT""]",0.05645300715734266,0.2554,"[12.722, 12.77, 0.9998]","[""buy"", ""sell"", ""sell""]",0.0,0.1353258210612823
217,2025-09-02T16:55:53.234311,"[""INJUSDT"", ""INJUSDC"", ""USDCUSDT""]",0.05645300715734266,0.2554,"[12.722, 12.77, 0.9998]","[""buy"", ""sell"", ""sell""]",0.0,0.1353258210612823
218,2025-09-02T16:55:54.491526,"[""INJUSDT"", ""INJUSDC"", ""USDCUSDT""]",0.05645300715734266,0.2554,"[12.722, 12.77, 0.9998]","[""buy"", ""sell"", ""sell""]",0.0,0.1353258210612823
219,2025-09-02T16:55:55.729159,"[""INJUSDT"", ""INJUSDC"", ""USDCUSDT""]",0.05645300715734266,0.2554,"[12.722, 12.77, 0.9998]","[""buy"", ""sell"", ""sell""]",0.0,0.1353258210612823
220,2025-09-02T16:55:57.347781,"[""INJUSDT"", ""INJUSDC"", ""USDCUSDT""]",0.05645300715734266,0.2554,"[12.722, 12.77, 0.9998]","[""buy"", ""sell"", ""sell""]",0.0,0.1353258210612823
221,2025-09-02T16:55:58.711787,"[""INJUSDT"", ""INJUSDC"", ""USDCUSDT""]",0.05645300715734266,0.2554,"[12.722, 12.77, 0.9998]","[""buy"", ""sell"", ""sell""]",0.0,0.1353258210612823
222,2025-09-02T16:55:59.932164,"[""INJUSDT"", ""INJUSDC"", ""USDCUSDT""]",0.04858878857623495,0.2554,"[12.723, 12.77, 0.9998]","[""buy"", ""sell"", ""sell""]",0.0,0.1431868382769196
223,2025-09-02T16:56:01.268615,"[""INJUSDT"", ""INJUSDC"", ""USDCUSDT""]",0.04072580611877129,0.2554,"[12.724, 12.77, 0.9998]","[""buy"", ""sell"", ""sell""]",0.0,0.1431856024622339
224,2025-09-02T16:56:04.508423,"[""INJUSDT"", ""INJUSDC"", ""USDCUSDT""]",0.009286231698260962,0.2554,"[12.728, 12.77, 0.9998]","[""buy"", ""sell"", ""sell""]",0.0,0.14318066114566597
225,2025-09-02T16:56:11.151338,"[""INJUSDT"", ""INJUSDC"", ""USDCUSDT""]",0.017144272574460048,0.2554,"[12.727, 12.77, 0.9998]","[""buy"", ""sell"", ""sell""]",0.0,0.13532273249566246
226,2025-09-02T16:56:19.262258,"[""INJUSDT"", ""INJUSDC"", ""USDCUSDT""]",0.009286231698260962,0.2554,"[12.728, 12.77, 0.9998]","[""buy"", ""sell"", ""sell""]",0.0,0.14318066114566597
227,2025-09-02T16:56:27.074019,"[""INJUSDT"", ""INJUSDC"", ""USDCUSDT""]",0.017144272574460048,0.2554,"[12.727, 12.77, 0.9998]","[""buy"", ""sell"", ""sell""]",0.0,0.13532273249566246
228,2025-09-02T16:56:32.855797,"[""INJUSDT"", ""INJUSDC"", ""USDCUSDT""]",0.04858878857623495,0.2554,"[12.723, 12.77, 0.9998]","[""buy"", ""sell"", ""sell""]",0.0,0.1431868382769196
229,2025-09-02T16:56:34.069678,"[""INJUSDT"", ""INJUSDC"", ""USDCUSDT""]",0.06431846215355108,0.2554,"[12.721, 12.77, 0.9998]","[""buy"", ""sell"", ""sell""]",0.0,0.14318931048926825
230,2025-09-02T16:56:35.296095,"[""INJUSDT"", ""INJUSDC"", ""USDCUSDT""]",0.07218515385655337,0.2554,"[12.72, 12.77, 0.9998]","[""buy"", ""sell"", ""sell""]",0.0,0.1353270571674706
231,2025-09-02T16:56:36.797498,"[""INJUSDT"", ""INJUSDC"", ""USDCUSDT""]",0.07218515385655337,0.2554,"[12.72, 12.77, 0.9998]","[""buy"", ""sell"", ""sell""]",0.0,0.1353270571674706
232,2025-09-02T16:56:38.093748,"[""INJUSDT"", ""INJUSDC"", ""USDCUSDT""]",0.07218515385655337,0.2554,"[12.72, 12.77, 0.9998]","[""buy"", ""sell"", ""sell""]",0.0,0.1353270571674706
233,2025-09-02T16:56:39.483970,"[""INJUSDT"", ""INJUSDC"", ""USDCUSDT""]",0.07218515385655337,0.2554,"[12.72, 12.77, 0.9998]","[""buy"", ""sell"", ""sell""]",0.0,0.1353270571674706
234,2025-09-02T16:56:41.226871,"[""INJUSDT"", ""INJUSDC"", ""USDCUSDT""]",0.07218515385655337,0.2554,"[12.72, 12.77, 0.9998]","[""buy"", ""sell"", ""sell""]",0.0,0.1353270571674706
235,2025-09-02T16:56:42.447292,"[""INJUSDT"", ""INJUSDC"", ""USDCUSDT""]",0.07218515385655337,0.2554,"[12.72, 12.77, 0.9998]","[""buy"", ""sell"", ""sell""]",0.0,0.4798846139411627
236,2025-09-02T16:56:43.681433,"[""INJUSDT"", ""INJUSDC"", ""USDCUSDT""]",0.07218515385655337,0.2554,"[12.72, 12.77, 0.9998]","[""buy"", ""sell"", ""sell""]",0.0,0.4798846139411627
237,2025-09-02T16:56:46.211850,"[""INJUSDT"", ""INJUSDC"", ""USDCUSDT""]",0.11941129125809312,0.2554,"[12.714, 12.77, 0.9998]","[""buy"", ""sell"", ""sell""]",0.0,0.4799246725692096
238,2025-09-02T16:56:47.648657,"[""INJUSDT"", ""INJUSDC"", ""USDCUSDT""]",0.12728664808113535,0.2554,"[12.713, 12.77, 0.9998]","[""buy"", ""sell"", ""sell""]",0.0,0.47205808981274944
239,2025-09-02T16:56:49.020771,"[""INJUSDT"", ""INJUSDC"", ""USDCUSDT""]",0.12728664808113535,0.2554,"[12.713, 12.77, 0.9998]","[""buy"", ""sell"", ""sell""]",0.0,0.47205808981274944
240,2025-09-02T16:56:50.488343,"[""INJUSDT"", ""INJUSDC"", ""USDCUSDT""]",0.08792224854971209,0.2554,"[12.718, 12.77, 0.9998]","[""buy"", ""sell"", ""sell""]",0.0,0.4720549968730795
241,2025-09-02T16:56:52.135489,"[""INJUSDT"", ""INJUSDC"", ""USDCUSDT""]",0.09579265212352767,0.2554,"[12.717, 12.77, 0.9998]","[""buy"", ""sell"", ""sell""]",0.0,0.47992096045780275
242,2025-09-02T16:56:53.349499,"[""INJUSDT"", ""INJUSDC"", ""USDCUSDT""]",0.09579265212352767,0.2554,"[12.717, 12.77, 0.9998]","[""buy"", ""sell"", ""sell""]",0.0,0.47992096045780275
243,2025-09-02T16:56:54.588715,"[""INJUSDT"", ""INJUSDC"", ""USDCUSDT""]",0.09579265212352767,0.2554,"[12.717, 12.77, 0.9998]","[""buy"", ""sell"", ""sell""]",0.0,0.47992096045780275
244,2025-09-02T16:56:55.840489,"[""INJUSDT"", ""INJUSDC"", ""USDCUSDT""]",0.09579265212352767,0.2554,"[12.717, 12.77, 0.9998]","[""buy"", ""sell"", ""sell""]",0.0,0.47992096045780275
245,2025-09-02T16:56:57.343567,"[""INJUSDT"", ""INJUSDC"", ""USDCUSDT""]",0.10366429357150991,0.2554,"[12.716, 12.77, 0.9998]","[""buy"", ""sell"", ""sell""]",0.0,0.472056233757046
246,2025-09-02T16:56:58.576214,"[""INJUSDT"", ""INJUSDC"", ""USDCUSDT""]",0.09579265212352767,0.2554,"[12.717, 12.77, 0.9998]","[""buy"", ""sell"", ""sell""]",0.0,0.4720901068947687
247,2025-09-02T16:56:59.615594,"[""INJUSDT"", ""INJUSDC"", ""USDCUSDT""]",0.10366429357150991,0.2554,"[12.716, 12.77, 0.9998]","[""buy"", ""sell"", ""sell""]",0.0,0.46422538019401194
248,2025-09-02T16:57:00.859924,"[""INJUSDT"", ""INJUSDC"", ""USDCUSDT""]",0.09579265212352767,0.2554,"[12.717, 12.77, 0.9998]","[""buy"", ""sell"", ""sell""]",0.0,0.4720901068947687
249,2025-09-02T16:57:02.520008,"[""INJUSDT"", ""INJUSDC"", ""USDCUSDT""]",0.09579265212352767,0.2554,"[12.717, 12.77, 0.9998]","[""buy"", ""sell"", ""sell""]",0.0,0.4720901068947687
250,2025-09-02T16:57:05.803005,"[""INJUSDT"", ""INJUSDC"", ""USDCUSDT""]",0.08005308255802447,0.2554,"[12.719, 12.77, 0.9998]","[""buy"", ""sell"", ""sell""]",0.0,0.4720876331268218
251,2025-09-02T16:57:12.074825,"[""INJUSDT"", ""INJUSDC"", ""USDCUSDT""]",0.08005308255802447,0.2554,"[12.719, 12.77, 0.9998]","[""buy"", ""sell"", ""sell""]",0.0,0.45642592600073983
252,2025-09-02T16:57:20.493199,"[""INJUSDT"", ""INJUSDC"", ""USDCUSDT""]",0.08792224854971209,0.2554,"[12.718, 12.77, 0.9998]","[""buy"", ""sell"", ""sell""]",0.0,0.44856243618396346
253,2025-09-02T16:57:28.293266,"[""INJUSDT"", ""INJUSDC"", ""USDCUSDT""]",0.08792224854971209,0.2554,"[12.718, 12.77, 0.9998]","[""buy"", ""sell"", ""sell""]",0.0,0.44856243618396346
254,2025-09-02T16:57:33.686759,"[""INJUSDT"", ""INJUSDC"", ""USDCUSDT""]",0.11941129125809312,0.2554,"[12.714, 12.77, 0.9998]","[""buy"", ""sell"", ""sell""]",0.0,0.44856491034108176
255,2025-09-02T16:57:34.976329,"[""INJUSDT"", ""INJUSDC"", ""USDCUSDT""]",0.12728664808113535,0.2554,"[12.713, 12.77, 0.9998]","[""buy"", ""sell"", ""sell""]",0.0,0.4485655291236334
256,2025-09-02T16:57:36.546668,"[""INJUSDT"", ""INJUSDC"", ""USDCUSDT""]",0.12728664808113535,0.2554,"[12.713, 12.77, 0.9998]","[""buy"", ""sell"", ""sell""]",0.0,0.4485655291236334
257,2025-09-02T16:57:37.827812,"[""INJUSDT"", ""INJUSDC"", ""USDCUSDT""]",0.12728664808113535,0.2554,"[12.713, 12.77, 0.9998]","[""buy"", ""sell"", ""sell""]",0.0,0.43290382199756533
258,2025-09-02T16:57:39.069589,"[""INJUSDT"", ""INJUSDC"", ""USDCUSDT""]",0.12728664808113535,0.2554,"[12.713, 12.77, 0.9998]","[""buy"", ""sell"", ""sell""]",0.0,0.43290382199756533
259,2025-09-02T16:57:40.505658,"[""INJUSDT"", ""INJUSDC"", ""USDCUSDT""]",0.12728664808113535,0.2554,"[12.713, 12.77, 0.9998]","[""buy"", ""sell"", ""sell""]",0.0,0.43290382199756533
260,2025-09-02T16:57:42.549692,"[""INJUSDT"", ""INJUSDC"", ""USDCUSDT""]",0.12728664808113535,0.2554,"[12.713, 12.77, 0.9998]","[""buy"", ""sell"", ""sell""]",0.0,0.43290382199756533
261,2025-09-02T16:57:43.961984,"[""INJUSDT"", ""INJUSDC"", ""USDCUSDT""]",0.12728664808113535,0.2554,"[12.713, 12.77, 0.9998]","[""buy"", ""sell"", ""sell""]",0.0,0.43290382199756533
262,2025-09-02T16:57:45.224412,"[""INJUSDT"", ""INJUSDC"", ""USDCUSDT""]",0.12728664808113535,0.2554,"[12.713, 12.77, 0.9998]","[""buy"", ""sell"", ""sell""]",0.0,0.43290382199756533
263,2025-09-02T16:57:47.446014,"[""INJUSDT"", ""INJUSDC"", ""USDCUSDT""]",0.12728664808113535,0.2554,"[12.713, 12.77, 0.9998]","[""buy"", ""sell"", ""sell""]",0.0,0.43290382199756533
264,2025-09-02T16:57:49.024425,"[""INJUSDT"", ""INJUSDC"", ""USDCUSDT""]",0.12728664808113535,0.2554,"[12.713, 12.77, 0.9998]","[""buy"", ""sell"", ""sell""]",0.0,0.43290382199756533
265,2025-09-02T16:57:50.239168,"[""INJUSDT"", ""INJUSDC"", ""USDCUSDT""]",0.12728664808113535,0.2554,"[12.713, 12.77, 0.9998]","[""buy"", ""sell"", ""sell""]",0.0,0.43290382199756533
266,2025-09-02T16:57:51.468848,"[""INJUSDT"", ""INJUSDC"", ""USDCUSDT""]",0.12728664808113535,0.2554,"[12.713, 12.77, 0.9998]","[""buy"", ""sell"", ""sell""]",0.0,0.43290382199756533
267,2025-09-02T20:27:46.618044,"[""ALGOUSDT"", ""ALGOBTC"", ""BTCUSDT""]",0.013429282115248497,3.3200000000000004e-06,"[0.23, 2.075e-06, 111191.5]","[""buy"", ""sell"", ""sell""]",0.0,0.0917798787002057
268,2025-09-02T20:27:48.812668,"[""ALGOUSDT"", ""ALGOBTC"", ""BTCUSDT""]",0.013429282115248497,3.3200000000000004e-06,"[0.23, 2.075e-06, 111191.5]","[""buy"", ""sell"", ""sell""]",0.0,0.0917798787002057
269,2025-09-02T20:28:01.041313,"[""ALGOUSDT"", ""ALGOBTC"", ""BTCUSDT""]",0.0019366174928472902,3.3200000000000004e-06,"[0.2302, 2.075e-06, 111275.4]","[""buy"", ""sell"", ""sell""]",0.0,0.09174200370007793
270,2025-09-02T20:31:36.891898,"[""ALGOUSDT"", ""ALGOBTC"", ""BTCUSDT""]",0.11117065463364269,3.3200000000000004e-06,"[0.2296, 2.075e-06, 111106.6]","[""buy"", ""sell"", ""sell""]",0.0,0.09185575948793201
271,2025-09-02T20:31:36.896492,"[""MANAUSDT"", ""MANABTC"", ""BTCUSDT""]",0.0631502855376857,2.268e-05,"[0.2989, 2.7e-06, 111106.6]","[""buy"", ""sell"", ""sell""]",0.0,0.7742979465367714
272,2025-09-02T20:31:36.899497,"[""PEPEUSDT"", ""PEPEUSDC"", ""USDCUSDT""]",0.05303539866996289,2.53379573,"[9.629e-06, 9.665e-06, 0.9998]","[""buy"", ""sell"", ""sell""]",0.0,0.2169739916886517
273,2025-09-02T20:31:38.158911,"[""ALGOUSDT"", ""ALGOBTC"", ""BTCUSDT""]",0.15740622596305912,3.3200000000000004e-06,"[0.2295, 2.075e-06, 111109.5]","[""buy"", ""sell"", ""sell""]",0.0,0.09187475146522248
274,2025-09-02T20:31:38.161688,"[""MANAUSDT"", ""MANABTC"", ""BTCUSDT""]",0.06576203979735509,2.268e-05,"[0.2989, 2.7e-06, 111109.5]","[""buy"", ""sell"", ""sell""]",0.0,0.7742979441876551
275,2025-09-02T20:31:38.163911,"[""PEPEUSDT"", ""PEPEUSDC"", ""USDCUSDT""]",0.05303539866996289,2.53379573,"[9.629e-06, 9.665e-06, 0.9998]","[""buy"", ""sell"", ""sell""]",0.0,0.2169739916886517
276,2025-09-02T20:31:40.032513,"[""ALGOUSDT"", ""ALGOBTC"", ""BTCUSDT""]",0.11378366227583682,3.3200000000000004e-06,"[0.2296, 2.075e-06, 111109.5]","[""buy"", ""sell"", ""sell""]",0.0,0.09185575713881568
277,2025-09-02T20:31:40.034169,"[""MANAUSDT"", ""MANABTC"", ""BTCUSDT""]",0.06576203979735509,2.268e-05,"[0.2989, 2.7e-06, 111109.5]","[""buy"", ""sell"", ""sell""]",0.0,0.7742979441876551
278,2025-09-02T20:31:40.035800,"[""PEPEUSDT"", ""PEPEUSDC"", ""USDCUSDT""]",0.042645675367930375,2.53379573,"[9.63e-06, 9.665e-06, 0.9998]","[""buy"", ""sell"", ""sell""]",0.0,0.21697291303321
279,2025-09-02T20:35:53.365615,"[""MANAUSDT"", ""MANABTC"", ""BTCUSDT""]",0.17978411895568572,2.268e-05,"[0.2982, 2.7e-06, 110975.6]","[""buy"", ""sell"", ""sell""]",0.0,0.7743766406421271
280,2025-09-02T20:35:53.367272,"[""ATOMUSDT"", ""ATOMUSDC"", ""USDCUSDT""]",0.11305959715053177,0.48356,"[4.377, 4.396, 0.9998]","[""buy"", ""sell"", ""sell""]",0.0,0.3285773048566666
281,2025-09-02T20:35:53.368951,"[""JASMYUSDT"", ""JASMYUSDC"", ""USDCUSDT""]",0.031594370816401346,0.6694224,"[0.01419, 0.01424, 0.9998]","[""buy"", ""sell"", ""sell""]",0.0,0.7827710531884708
282,2025-09-02T20:35:55.404116,"[""MANAUSDT"", ""MANABTC"", ""BTCUSDT""]",0.17978411895568572,2.268e-05,"[0.2982, 2.7e-06, 110975.6]","[""buy"", ""sell"", ""sell""]",0.0,0.7743766406421271
283,2025-09-02T20:35:55.406341,"[""ATOMUSDT"", ""ATOMUSDC"", ""USDCUSDT""]",0.11305959715053177,0.48356,"[4.377, 4.396, 0.9998]","[""buy"", ""sell"", ""sell""]",0.0,0.2830813994881547
284,2025-09-02T20:35:55.409214,"[""JASMYUSDT"", ""JASMYUSDC"", ""USDCUSDT""]",0.031594370816401346,0.6694224,"[0.01419, 0.01424, 0.9998]","[""buy"", ""sell"", ""sell""]",0.0,0.7827710531884708
285,2025-09-02T20:35:56.598765,"[""MANAUSDT"", ""MANABTC"", ""BTCUSDT""]",0.22804905123577557,2.268e-05,"[0.298, 2.7e-06, 110954.6]","[""buy"", ""sell"", ""sell""]",0.0,0.8079900349198705
286,2025-09-02T20:35:56.600363,"[""ATOMUSDT"", ""ATOMUSDC"", ""USDCUSDT""]",0.13593735299999027,0.48356,"[4.376, 4.396, 0.9998]","[""buy"", ""sell"", ""sell""]",0.0,0.28308662278407476
287,2025-09-02T20:35:56.601900,"[""GALAUSDT"", ""GALAUSDC"", ""USDCUSDT""]",0.059132581654030215,0.169595,"[0.01579, 0.01585, 0.9998]","[""buy"", ""sell"", ""sell""]",0.0,0.5150137350959977
288,2025-09-02T20:35:56.603486,"[""JASMYUSDT"", ""JASMYUSDC"", ""USDCUSDT""]",0.031594370816401346,0.6694224,"[0.01419, 0.01424, 0.9998]","[""buy"", ""sell"", ""sell""]",0.0,0.7827710531884708
289,2025-09-02T20:35:57.931243,"[""MANAUSDT"", ""MANABTC"", ""BTCUSDT""]",0.25853121663041745,2.268e-05,"[0.2979, 2.7e-06, 110951.1]","[""buy"", ""sell"", ""sell""]",0.0,0.7744104541498045
290,2025-09-02T20:35:57.932905,"[""ATOMUSDT"", ""ATOMUSDC"", ""USDCUSDT""]",0.13593735299999027,0.48356,"[4.376, 4.396, 0.9998]","[""buy"", ""sell"", ""sell""]",0.0,0.28308662278407476
291,2025-09-02T20:35:57.934619,"[""JASMYUSDT"", ""JASMYUSDC"", ""USDCUSDT""]",0.10213851353206337,0.6694224,"[0.01418, 0.01424, 0.9998]","[""buy"", ""sell"", ""sell""]",0.0,0.7828208216159777
292,2025-09-02T20:35:57.935870,"[""GALAUSDT"", ""GALAUSDC"", ""USDCUSDT""]",0.059132581654030215,0.169595,"[0.01579, 0.01585, 0.9998]","[""buy"", ""sell"", ""sell""]",0.0,0.5150137350959977
293,2025-09-02T20:35:59.204325,"[""MANAUSDT"", ""MANABTC"", ""BTCUSDT""]",0.251392554673821,2.268e-05,"[0.2979, 2.7e-06, 110943.2]","[""buy"", ""sell"", ""sell""]",0.0,0.7744104605677448
294,2025-09-02T20:35:59.205974,"[""ATOMUSDT"", ""ATOMUSDC"", ""USDCUSDT""]",0.13593735299999027,0.48356,"[4.376, 4.396, 0.9998]","[""buy"", ""sell"", ""sell""]",0.0,0.28308662278407476
295,2025-09-02T20:35:59.207594,"[""JASMYUSDT"", ""JASMYUSDC"", ""USDCUSDT""]",0.10213851353206337,0.6694224,"[0.01418, 0.01424, 0.9998]","[""buy"", ""sell"", ""sell""]",0.0,0.7828208216159777
296,2025-09-02T20:35:59.209346,"[""GALAUSDT"", ""GALAUSDC"", ""USDCUSDT""]",0.059132581654030215,0.169595,"[0.01579, 0.01585, 0.9998]","[""buy"", ""sell"", ""sell""]",0.0,0.5150137350959977
297,2025-09-02T20:36:00.423514,"[""MANAUSDT"", ""MANABTC"", ""BTCUSDT""]",0.251392554673821,2.268e-05,"[0.2979, 2.7e-06, 110943.2]","[""buy"", ""sell"", ""sell""]",0.0,0.7744104605677448
298,2025-09-02T20:36:00.425197,"[""ATOMUSDT"", ""ATOMUSDC"", ""USDCUSDT""]",0.13593735299999027,0.48356,"[4.376, 4.396, 0.9998]","[""buy"", ""sell"", ""sell""]",0.0,0.28308662278407476
299,2025-09-02T20:36:00.426805,"[""JASMYUSDT"", ""JASMYUSDC"", ""USDCUSDT""]",0.10213851353206337,0.6694224,"[0.01418, 0.01424, 0.9998]","[""buy"", ""sell"", ""sell""]",0.0,0.7828208216159777
300,2025-09-02T20:36:00.429021,"[""GALAUSDT"", ""GALAUSDC"", ""USDCUSDT""]",0.059132581654030215,0.169595,"[0.01579, 0.01585, 0.9998]","[""buy"", ""sell"", ""sell""]",0.0,0.5150137350959977
301,2025-09-02T20:36:01.639113,"[""MANAUSDT"", ""MANABTC"", ""BTCUSDT""]",0.21775114777630736,2.268e-05,"[0.298, 2.7e-06, 110943.2]","[""buy"", ""sell"", ""sell""]",0.0,0.7743991884685124
302,2025-09-02T20:36:01.641352,"[""ATOMUSDT"", ""ATOMUSDC"", ""USDCUSDT""]",0.11305959715053177,0.48356,"[4.377, 4.396, 0.9998]","[""buy"", ""sell"", ""sell""]",0.0,0.2830813994881547
303,2025-09-02T20:36:01.643549,"[""JASMYUSDT"", ""JASMYUSDC"", ""USDCUSDT""]",0.10213851353206337,0.6694224,"[0.01418, 0.01424, 0.9998]","[""buy"", ""sell"", ""sell""]",0.0,0.7828208216159777
304,2025-09-02T20:36:01.646670,"[""GALAUSDT"", ""GALAUSDC"", ""USDCUSDT""]",0.059132581654030215,0.169595,"[0.01579, 0.01585, 0.9998]","[""buy"", ""sell"", ""sell""]",0.0,0.5150137350959977
305,2025-09-02T20:36:03.083032,"[""ATOMUSDT"", ""ATOMUSDC"", ""USDCUSDT""]",0.13593735299999027,0.48356,"[4.376, 4.396, 0.9998]","[""buy"", ""sell"", ""sell""]",0.0,0.28308662278407476
306,2025-09-02T20:36:03.084282,"[""GALAUSDT"", ""GALAUSDC"", ""USDCUSDT""]",0.12254141091998462,0.169595,"[0.01578, 0.01585, 0.9998]","[""buy"", ""sell"", ""sell""]",0.0,0.51505391984942
307,2025-09-02T20:36:03.086100,"[""JASMYUSDT"", ""JASMYUSDC"", ""USDCUSDT""]",0.10213851353206337,0.6694224,"[0.01418, 0.01424, 0.9998]","[""buy"", ""sell"", ""sell""]",0.0,0.7828208216159777
308,2025-09-02T20:36:04.651773,"[""ATOMUSDT"", ""ATOMUSDC"", ""USDCUSDT""]",0.13593735299999027,0.48356,"[4.376, 4.396, 0.9998]","[""buy"", ""sell"", ""sell""]",0.0,0.28308662278407476
309,2025-09-02T20:36:04.653871,"[""GALAUSDT"", ""GALAUSDC"", ""USDCUSDT""]",0.12254141091998462,0.169595,"[0.01578, 0.01585, 0.9998]","[""buy"", ""sell"", ""sell""]",0.0,0.51505391984942
310,2025-09-02T20:36:04.656678,"[""JASMYUSDT"", ""JASMYUSDC"", ""USDCUSDT""]",0.10213851353206337,0.6694224,"[0.01418, 0.01424, 0.9998]","[""buy"", ""sell"", ""sell""]",0.0,0.7828208216159777
311,2025-09-02T20:36:06.201087,"[""ATOMUSDT"", ""ATOMUSDC"", ""USDCUSDT""]",0.13593735299999027,0.48356,"[4.376, 4.396, 0.9998]","[""buy"", ""sell"", ""sell""]",0.0,0.28308662278407476
312,2025-09-02T20:36:06.203182,"[""JASMYUSDT"", ""JASMYUSDC"", ""USDCUSDT""]",0.10213851353206337,0.6694224,"[0.01418, 0.01424, 0.9998]","[""buy"", ""sell"", ""sell""]",0.0,0.7828208216159777
313,2025-09-02T20:36:06.204778,"[""GALAUSDT"", ""GALAUSDC"", ""USDCUSDT""]",0.059132581654030215,0.169595,"[0.01579, 0.01585, 0.9998]","[""buy"", ""sell"", ""sell""]",0.0,0.5150137350959977
314,2025-09-02T20:36:07.573914,"[""ATOMUSDT"", ""ATOMUSDC"", ""USDCUSDT""]",0.09019229253719459,0.48356,"[4.378, 4.396, 0.9998]","[""buy"", ""sell"", ""sell""]",0.0,0.3059333190494055
315,2025-09-02T20:36:07.575464,"[""GALAUSDT"", ""GALAUSDC"", ""USDCUSDT""]",0.059132581654030215,0.169595,"[0.01579, 0.01585, 0.9998]","[""buy"", ""sell"", ""sell""]",0.0,0.5150137350959977
316,2025-09-02T20:36:07.578113,"[""JASMYUSDT"", ""JASMYUSDC"", ""USDCUSDT""]",0.031594370816401346,0.6694224,"[0.01419, 0.01424, 0.9998]","[""buy"", ""sell"", ""sell""]",0.0,0.7827710531884708
317,2025-09-02T20:36:08.809323,"[""ATOMUSDT"", ""ATOMUSDC"", ""USDCUSDT""]",0.09019229253719459,0.48356,"[4.378, 4.396, 0.9998]","[""buy"", ""sell"", ""sell""]",0.0,0.3059333190494055
318,2025-09-02T20:36:08.810907,"[""GALAUSDT"", ""GALAUSDC"", ""USDCUSDT""]",0.059132581654030215,0.169595,"[0.01579, 0.01585, 0.9998]","[""buy"", ""sell"", ""sell""]",0.0,0.5150137350959977
319,2025-09-02T20:36:08.812559,"[""JASMYUSDT"", ""JASMYUSDC"", ""USDCUSDT""]",0.031594370816401346,0.6694224,"[0.01419, 0.01424, 0.9998]","[""buy"", ""sell"", ""sell""]",0.0,0.7827710531884708
320,2025-09-02T20:36:10.201339,"[""ATOMUSDT"", ""ATOMUSDC"", ""USDCUSDT""]",0.11305959715053177,0.48356,"[4.377, 4.396, 0.9998]","[""buy"", ""sell"", ""sell""]",0.0,0.2830813994881547
321,2025-09-02T20:36:10.203110,"[""GALAUSDT"", ""GALAUSDC"", ""USDCUSDT""]",0.059132581654030215,0.169595,"[0.01579, 0.01585, 0.9998]","[""buy"", ""sell"", ""sell""]",0.0,0.5150137350959977
322,2025-09-02T20:36:10.204834,"[""JASMYUSDT"", ""JASMYUSDC"", ""USDCUSDT""]",0.031594370816401346,0.6694224,"[0.01419, 0.01424, 0.9998]","[""buy"", ""sell"", ""sell""]",0.0,0.8533924518206325
323,2025-09-02T20:36:11.848301,"[""ATOMUSDT"", ""ATOMUSDC"", ""USDCUSDT""]",0.13593735299999027,0.48356,"[4.376, 4.396, 0.9998]","[""buy"", ""sell"", ""sell""]",0.0,0.28308662278407476
324,2025-09-02T20:36:11.851030,"[""JASMYUSDT"", ""JASMYUSDC"", ""USDCUSDT""]",0.10213851353206337,0.6694224,"[0.01418, 0.01424, 0.9998]","[""buy"", ""sell"", ""sell""]",0.0,0.7828208216159777
325,2025-09-02T20:36:11.853196,"[""GALAUSDT"", ""GALAUSDC"", ""USDCUSDT""]",0.059132581654030215,0.169595,"[0.01579, 0.01585, 0.9998]","[""buy"", ""sell"", ""sell""]",0.0,0.5150137350959977
326,2025-09-02T20:36:13.246641,"[""ATOMUSDT"", ""ATOMUSDC"", ""USDCUSDT""]",0.09019229253719459,0.48356,"[4.378, 4.396, 0.9998]","[""buy"", ""sell"", ""sell""]",0.0,0.3059333190494055
327,2025-09-02T20:36:13.248241,"[""GALAUSDT"", ""GALAUSDC"", ""USDCUSDT""]",0.059132581654030215,0.169595,"[0.01579, 0.01585, 0.9998]","[""buy"", ""sell"", ""sell""]",0.0,0.5150137350959977
328,2025-09-02T20:36:13.249968,"[""JASMYUSDT"", ""JASMYUSDC"", ""USDCUSDT""]",0.031594370816401346,0.6694224,"[0.01419, 0.01424, 0.9998]","[""buy"", ""sell"", ""sell""]",0.0,0.7827710531884708
329,2025-09-02T20:36:14.725696,"[""ATOMUSDT"", ""ATOMUSDC"", ""USDCUSDT""]",0.13593735299999027,0.48356,"[4.376, 4.396, 0.9998]","[""buy"", ""sell"", ""sell""]",0.0,0.28308662278407476
330,2025-09-02T20:36:14.727234,"[""JASMYUSDT"", ""JASMYUSDC"", ""USDCUSDT""]",0.10213851353206337,0.6694224,"[0.01418, 0.01424, 0.9998]","[""buy"", ""sell"", ""sell""]",0.0,0.7828208216159777
331,2025-09-02T20:36:14.729300,"[""GALAUSDT"", ""GALAUSDC"", ""USDCUSDT""]",0.059132581654030215,0.169595,"[0.01579, 0.01585, 0.9998]","[""buy"", ""sell"", ""sell""]",0.0,0.5150137350959977
332,2025-09-02T20:36:16.160694,"[""ATOMUSDT"", ""ATOMUSDC"", ""USDCUSDT""]",0.13593735299999027,0.48356,"[4.376, 4.396, 0.9998]","[""buy"", ""sell"", ""sell""]",0.0,0.28308662278407476
333,2025-09-02T20:36:16.162869,"[""JASMYUSDT"", ""JASMYUSDC"", ""USDCUSDT""]",0.10213851353206337,0.6694224,"[0.01418, 0.01424, 0.9998]","[""buy"", ""sell"", ""sell""]",0.0,0.7828208216159777
334,2025-09-02T20:36:16.166050,"[""GALAUSDT"", ""GALAUSDC"", ""USDCUSDT""]",0.059132581654030215,0.169595,"[0.01579, 0.01585, 0.9998]","[""buy"", ""sell"", ""sell""]",0.0,0.5150137350959977
335,2025-09-02T20:36:17.493179,"[""ATOMUSDT"", ""ATOMUSDC"", ""USDCUSDT""]",0.13593735299999027,0.48356,"[4.376, 4.396, 0.9998]","[""buy"", ""sell"", ""sell""]",0.0,0.30595421700970127
336,2025-09-02T20:36:17.495897,"[""JASMYUSDT"", ""JASMYUSDC"", ""USDCUSDT""]",0.10213851353206337,0.6694224,"[0.01418, 0.01424, 0.9998]","[""buy"", ""sell"", ""sell""]",0.0,0.7828208216159777
337,2025-09-02T20:36:17.498036,"[""GALAUSDT"", ""GALAUSDC"", ""USDCUSDT""]",0.059132581654030215,0.169595,"[0.01579, 0.01585, 0.9998]","[""buy"", ""sell"", ""sell""]",0.0,0.5150137350959977
338,2025-09-02T20:36:18.717771,"[""ATOMUSDT"", ""ATOMUSDC"", ""USDCUSDT""]",0.13593735299999027,0.48356,"[4.376, 4.396, 0.9998]","[""buy"", ""sell"", ""sell""]",0.0,0.23759071741556292
339,2025-09-02T20:36:18.719958,"[""JASMYUSDT"", ""JASMYUSDC"", ""USDCUSDT""]",0.10213851353206337,0.6694224,"[0.01418, 0.01424, 0.9998]","[""buy"", ""sell"", ""sell""]",0.0,0.7828208216159777
340,2025-09-02T20:36:18.721608,"[""GALAUSDT"", ""GALAUSDC"", ""USDCUSDT""]",0.059132581654030215,0.169595,"[0.01579, 0.01585, 0.9998]","[""buy"", ""sell"", ""sell""]",0.0,0.5150137350959977
341,2025-09-02T20:36:19.921424,"[""ATOMUSDT"", ""ATOMUSDC"", ""USDCUSDT""]",0.11305959715053177,0.48356,"[4.377, 4.396, 0.9998]","[""buy"", ""sell"", ""sell""]",0.0,0.2604478602726931
342,2025-09-02T20:36:19.923570,"[""JASMYUSDT"", ""JASMYUSDC"", ""USDCUSDT""]",0.10213851353206337,0.6694224,"[0.01418, 0.01424, 0.9998]","[""buy"", ""sell"", ""sell""]",0.0,0.7828208216159777
343,2025-09-02T20:36:19.925301,"[""GALAUSDT"", ""GALAUSDC"", ""USDCUSDT""]",0.059132581654030215,0.169595,"[0.01579, 0.01585, 0.9998]","[""buy"", ""sell"", ""sell""]",0.0,0.5150137350959977
344,2025-09-02T20:36:21.287149,"[""ATOMUSDT"", ""ATOMUSDC"", ""USDCUSDT""]",0.11305959715053177,0.48356,"[4.377, 4.396, 0.9998]","[""buy"", ""sell"", ""sell""]",0.0,0.2604478602726931
345,2025-09-02T20:36:21.289778,"[""JASMYUSDT"", ""JASMYUSDC"", ""USDCUSDT""]",0.10213851353206337,0.6694224,"[0.01418, 0.01424, 0.9998]","[""buy"", ""sell"", ""sell""]",0.0,0.7828208216159777
346,2025-09-02T20:36:21.292022,"[""GALAUSDT"", ""GALAUSDC"", ""USDCUSDT""]",0.059132581654030215,0.169595,"[0.01579, 0.01585, 0.9998]","[""buy"", ""sell"", ""sell""]",0.0,0.5150137350959977
